[
  {
    "name": "K375s-Full",
    "author": "el_tcheco"
  },
  [
    "Esc",
    {
      "x": 1
    },
    "F1\n\n\n1",
    "F2\n\n\n2",
    "F3\n\n\n3",
    "F4",
    {
      "x": 0.5
    },
    "F5",
    "F6",
    "F7",
    "F8",
    {
      "x": 0.5
    },
    "F9",
    "F10",
    "F11",
    "F12",
    {
      "x": 0.25
    },
    "PrtSc",
    "Scroll Lock",
    "Pause\nBreak"
  ],
  [
    {
      "y": 0.5
    },
    "±\n§",
    "!\n1",
    "\"\n2\n\n@",
    "#\n3\n\n€",
    "$\n4",
    "%\n5",
    "&\n6",
    "/\n7",
    "(\n8",
    ")\n9",
    "=\n0",
    "?\n'",
    "*\n+",
    {
      "w": 2
    },
    "Backspace",
    {
      "x": 0.25
    },
    "Insert",
    "Home",
    "PgUp",
    {
      "x": 0.25
    },
    "Num Lock",
    "/",
    "*",
    "-"
  ],
  [
    {
      "w": 1.5
    },
    "Tab",
    "Q",
    "W",
    "E",
    "R",
    "T",
    "Y",
    "U",
    "I",
    "O",
    "P",
    "ª\nº",
    "`\n´",
    {
      "x": 0.25,
      "w": 1.25,
      "h": 2,
      "w2": 1.5,
      "h2": 1,
      "x2": -0.25
    },
    "Enter",
    {
      "x": 0.25
    },
    "Delete",
    "End",
    "PgDn",
    {
      "x": 0.25
    },
    "7\nHome",
    "8\n↑",
    "9\nPgUp",
    {
      "h": 2
    },
    "+"
  ],
  [
    {
      "w": 1.75
    },
    "Caps Lock",
    "A",
    "S",
    "D",
    "F",
    "G",
    "H",
    "J",
    "K",
    "L",
    "Ç",
    "^\n~",
    "|\n\\",
    {
      "x": 4.75
    },
    "4\n←",
    "5",
    "6\n→"
  ],
  [
    {
      "w": 1.25
    },
    "Shift",
    ">\n<",
    "Z",
    "X",
    "C",
    "V",
    "B",
    "N",
    "M",
    ";\n,",
    ":\n.",
    "_\n-",
    {
      "w": 2.75
    },
    "Shift",
    {
      "x": 1.25
    },
    "↑",
    {
      "x": 1.25
    },
    "1\nEnd",
    "2\n↓",
    "3\nPgDn",
    {
      "h": 2
    },
    "Enter"
  ],
  [
    {
      "w": 1.25
    },
    "Ctrl",
    {
      "w": 1.25
    },
    "Alt",
    {
      "w": 1.25
    },
    "Cmd",
    {
      "a": 7,
      "w": 6.25
    },
    "",
    {
      "a": 4,
      "w": 1.25
    },
    "Cmd",
    {
      "w": 1.25
    },
    "Alt",
    {
      "w": 1.25
    },
    "Fn",
    {
      "w": 1.25
    },
    "Ctrl",
    {
      "x": 0.25
    },
    "←",
    "↓",
    "→",
    {
      "x": 0.25,
      "w": 2
    },
    "0\nIns",
    ".\nDel"
  ]
]