[
  {
    "name": "K375s-84K",
    "author": "el_tcheco",
    "switchMount": "cherry",
    "switchBrand": "cherry",
    "switchType": "MX1A-G1xx",
    "pcb": true
  },
  [
    {
      "a": 6
    },
    "Esc",
    {
      "a": 4
    },
    "\n\n\n1\n\n\nF1",
    "\n\n\n2\n\n\nF2",
    "\n\n\n3\n\n\nF3",
    {
      "a": 6
    },
    "F4",
    "F5",
    "F6",
    "F7",
    "F8",
    "F9",
    "F10",
    "F11",
    "F12",
    {
      "a": 5
    },
    "PrtSc\nNmLk",
    "Pause\nScrLk",
    "Delete\nInsert"
  ],
  [
    {
      "a": 4
    },
    "±\n§",
    "!\n1",
    "\"\n2\n\n@",
    "#\n3\n\n€",
    "$\n4",
    "%\n5",
    "&\n6",
    "/\n7",
    "(\n8",
    ")\n9",
    "=\n0",
    "?\n'",
    "*\n+",
    {
      "a": 6,
      "w": 2
    },
    "Backspace",
    "Home"
  ],
  [
    {
      "a": 4,
      "w": 1.5
    },
    "Tab",
    "Q",
    "W",
    "E",
    "R",
    "T",
    "Y",
    "U",
    "I",
    "O",
    "P",
    "ª\nº",
    "`\n´",
    {
      "w": 1.5
    },
    "|\n\\",
    {
      "a": 6
    },
    "Page Up"
  ],
  [
    {
      "a": 4,
      "w": 1.75
    },
    "Caps Lock",
    "A",
    "S",
    "D",
    "F",
    "G",
    "H",
    "J",
    "K",
    "L",
    "Ç",
    "^\n~",
    {
      "a": 6,
      "w": 2.25
    },
    "Enter",
    "Page Down"
  ],
  [
    {
      "w": 2.25
    },
    "Shift",
    {
      "a": 4
    },
    "Z",
    "X",
    "C",
    "V",
    "B",
    "N",
    "M",
    ";\n,",
    ":\n.",
    "_\n-",
    {
      "a": 6,
      "w": 1.75
    },
    "Shift",
    {
      "a": 7
    },
    "↑",
    {
      "a": 6
    },
    "End"
  ],
  [
    {
      "w": 1.25
    },
    "Ctrl",
    {
      "w": 1.25
    },
    "Alt",
    {
      "w": 1.25
    },
    "Cmd",
    {
      "a": 7,
      "w": 6.25
    },
    "",
    {
      "a": 6
    },
    "Cmd",
    "Fn",
    "Ctrl",
    {
      "a": 7
    },
    "←",
    "↓",
    "→"
  ]
]